Basantika,Kazi Nazrul Islam,https://www.amarbooks.org/thumbs/1489973333.jpg,http://www.amarbooks.com/FreeDownload.php?w=&f=Basantika.pdf,0.17 MB
Vidyapati,Kazi Nazrul Islam,https://www.amarbooks.org/thumbs/1489972993.jpg,http://www.amarbooks.com/FreeDownload.php?w=&f=Vidyapati.pdf,0.91 MB
Ranga Joba,Kazi Nazrul Islam,https://www.amarbooks.org/thumbs/1489976505.jpg,http://www.amarbooks.com/FreeDownload.php?w=&f=Ranga%20Joba.pdf,0.67 MB
Hena,Kazi Nazrul Islam,https://www.amarbooks.org/thumbs/1489721642.jpg,http://www.amarbooks.com/FreeDownload.php?w=&f=Hena.pdf,4.91 MB
Samyabadi,Kazi Nazrul Islam,https://www.amarbooks.org/thumbs/1489717279.jpg,http://www.amarbooks.com/FreeDownload.php?w=&f=Samyabadi.pdf,0.3 MB
Probondho,Kazi Nazrul Islam,https://www.amarbooks.org/thumbs/1489974054.jpg,http://www.amarbooks.com/FreeDownload.php?w=&f=Probondho.pdf,2.4 MB
Kuhelika,Kazi Nazrul Islam,https://www.amarbooks.org/thumbs/1489728820.jpg,http://www.amarbooks.com/FreeDownload.php?w=&f=Kuhelika.pdf,2.72 MB
Kobita-Songroho,Kazi Nazrul Islam,https://www.amarbooks.org/thumbs/1466491209.jpg,http://www.amarbooks.com/FreeDownload.php?w=&f=Kobita-Songroho.pdf,0.61 MB
Nazrul Rochonaboli -02,Kazi Nazrul Islam,https://www.amarbooks.org/thumbs/1489637655.jpg,http://www.amarbooks.com/FreeDownload.php?w=&f=Nazrul%20Rochonaboli%20-02.pdf,12.46 MB
Shiuli Mala,Kazi Nazrul Islam,https://www.amarbooks.org/thumbs/1466484909.jpg,http://www.amarbooks.com/FreeDownload.php?w=&f=Shiuli%20Mala.pdf,1.59 MB
Nazrul-Geetika,Kazi Nazrul Islam,https://www.amarbooks.org/thumbs/1489728527.jpg,http://www.amarbooks.com/FreeDownload.php?w=&f=Nazrul-Geetika.pdf,1.18 MB
Rudra Mangal,Kazi Nazrul Islam,https://www.amarbooks.org/thumbs/1489722344.jpg,http://www.amarbooks.com/FreeDownload.php?w=&f=Rudra%20Mangal.pdf,0.57 MB
Agranthita Gaan,Kazi Nazrul Islam,https://www.amarbooks.org/thumbs/1489978599.jpg,http://www.amarbooks.com/FreeDownload.php?w=&f=Agranthita%20Gaan.pdf,5.65 MB
Samyabadi,Kazi Nazrul Islam,https://www.amarbooks.org/thumbs/1489717279.jpg,http://www.amarbooks.com/FreeDownload.php?w=&f=Samyabadi.pdf,0.3 MB
Agni Bina,Kazi Nazrul Islam,https://www.amarbooks.org/thumbs/1489711447.jpg,http://www.amarbooks.com/FreeDownload.php?w=&f=Agni%20Bina.pdf,0.69 MB
Bhangar Gaan,Kazi Nazrul Islam,https://www.amarbooks.org/thumbs/1489712685.jpg,http://www.amarbooks.com/FreeDownload.php?w=&f=Bhangar%20Gaan.pdf,0.29 MB
Nazrul Rochonaboli -07,Kazi Nazrul Islam,https://www.amarbooks.org/thumbs/1489637502.jpg,http://www.amarbooks.com/FreeDownload.php?w=&f=Nazrul%20Rochonaboli%20-07.pdf,11.89 MB
Sandhya Malati,Kazi Nazrul Islam,https://www.amarbooks.org/thumbs/1489807461.jpg,http://www.amarbooks.com/FreeDownload.php?w=&f=Sandhya%20Malati.pdf,1.13 MB
Probondho,Kazi Nazrul Islam,https://www.amarbooks.org/thumbs/1489974054.jpg,http://www.amarbooks.com/FreeDownload.php?w=&f=Probondho.pdf,2.4 MB
Geeti Satadal,Kazi Nazrul Islam,https://www.amarbooks.org/thumbs/1489977241.jpg,http://www.amarbooks.com/FreeDownload.php?w=&f=Geeti%20Satadal.pdf,0.77 MB
Gul Bagicha,Kazi Nazrul Islam,https://www.amarbooks.org/thumbs/1489979360.jpg,http://www.amarbooks.com/FreeDownload.php?w=&f=Gul%20Bagicha.pdf,0.72 MB
Bibidh,Kazi Nazrul Islam,https://www.amarbooks.org/thumbs/1489972873.jpg,http://www.amarbooks.com/FreeDownload.php?w=&f=Bibidh.pdf,1.34 MB
Byethar Daan,Kazi Nazrul Islam,https://www.amarbooks.org/thumbs/1489712905.jpg,http://www.amarbooks.com/FreeDownload.php?w=&f=Byethar%20Daan.pdf,2.09 MB
Aleya,Kazi Nazrul Islam,https://www.amarbooks.org/thumbs/1489713499.jpg,http://www.amarbooks.com/FreeDownload.php?w=&f=Aleya.pdf,0.95 MB
Nazrul Rochonaboli -02,Kazi Nazrul Islam,https://www.amarbooks.org/thumbs/1489637655.jpg,http://www.amarbooks.com/FreeDownload.php?w=&f=Nazrul%20Rochonaboli%20-02.pdf,12.46 MB
Ghumer Ghore,Kazi Nazrul Islam,https://www.amarbooks.org/thumbs/1489721735.jpg,http://www.amarbooks.com/FreeDownload.php?w=&f=Ghumer%20Ghore.pdf,1.94 MB
Sondha,Kazi Nazrul Islam,https://www.amarbooks.org/thumbs/1489732485.jpg,http://www.amarbooks.com/FreeDownload.php?w=&f=Sondha.pdf,0.53 MB
Bon Geeti,Kazi Nazrul Islam,https://www.amarbooks.org/thumbs/1489973199.jpg,http://www.amarbooks.com/FreeDownload.php?w=&f=Bon%20Geeti.pdf,0.67 MB
Nazrul Rochonaboli -11,Kazi Nazrul Islam,https://www.amarbooks.org/thumbs/1489637436.jpg,http://www.amarbooks.com/FreeDownload.php?w=&f=Nazrul%20Rochonaboli%20-11.pdf,9.61 MB
Bhangar Gaan,Kazi Nazrul Islam,https://www.amarbooks.org/thumbs/1489712685.jpg,http://www.amarbooks.com/FreeDownload.php?w=&f=Bhangar%20Gaan.pdf,0.29 MB
Shapure,Kazi Nazrul Islam,https://www.amarbooks.org/thumbs/1489977872.jpg,http://www.amarbooks.com/FreeDownload.php?w=&f=Shapure.pdf,0.25 MB
Badol Borishone,Kazi Nazrul Islam,https://www.amarbooks.org/thumbs/1489714317.jpg,http://www.amarbooks.com/FreeDownload.php?w=&f=Badol%20Borishone.pdf,1.77 MB
Modhumala,Kazi Nazrul Islam,https://www.amarbooks.org/thumbs/1489977525.jpg,http://www.amarbooks.com/FreeDownload.php?w=&f=Modhumala.pdf,1.05 MB
Agranthita Galpo,Kazi Nazrul Islam,https://www.amarbooks.org/thumbs/1489976831.jpg,http://www.amarbooks.com/FreeDownload.php?w=&f=Agranthita%20Galpo.pdf,0.37 MB
Rudra Mangal,Kazi Nazrul Islam,https://www.amarbooks.org/thumbs/1489722344.jpg,http://www.amarbooks.com/FreeDownload.php?w=&f=Rudra%20Mangal.pdf,0.57 MB
Putuler Biye,Kazi Nazrul Islam,https://www.amarbooks.org/thumbs/1489808577.jpg,http://www.amarbooks.com/FreeDownload.php?w=&f=Putuler%20Biye.pdf,0.44 MB
Durdiner Jatri,Kazi Nazrul Islam,https://www.amarbooks.org/thumbs/1489722216.jpg,http://www.amarbooks.com/FreeDownload.php?w=&f=Durdiner%20Jatri.pdf,0.36 MB
Bhangar Gaan,Kazi Nazrul Islam,https://www.amarbooks.org/thumbs/1489712685.jpg,http://www.amarbooks.com/FreeDownload.php?w=&f=Bhangar%20Gaan.pdf,0.29 MB
Kabya Ampara,Kazi Nazrul Islam,https://www.amarbooks.org/thumbs/1489973804.jpg,http://www.amarbooks.com/FreeDownload.php?w=&f=Kabya%20Ampara.pdf,0.91 MB
Geeti Satadal,Kazi Nazrul Islam,https://www.amarbooks.org/thumbs/1489977241.jpg,http://www.amarbooks.com/FreeDownload.php?w=&f=Geeti%20Satadal.pdf,0.77 MB
Nazrul Rochonaboli -12,Kazi Nazrul Islam,https://www.amarbooks.org/thumbs/1489637394.jpg,http://www.amarbooks.com/FreeDownload.php?w=&f=Nazrul%20Rochonaboli%20-12.pdf,90.42 MB
Shiuli Mala,Kazi Nazrul Islam,https://www.amarbooks.org/thumbs/1466484909.jpg,http://www.amarbooks.com/FreeDownload.php?w=&f=Shiuli%20Mala.pdf,1.59 MB
Nazrul Rochonaboli -07,Kazi Nazrul Islam,https://www.amarbooks.org/thumbs/1489637502.jpg,http://www.amarbooks.com/FreeDownload.php?w=&f=Nazrul%20Rochonaboli%20-07.pdf,11.89 MB
Biye Bari,Kazi Nazrul Islam,https://www.amarbooks.org/thumbs/1489808293.jpg,http://www.amarbooks.com/FreeDownload.php?w=&f=Biye%20Bari.pdf,0.3 MB
Nazrul Rochonaboli -10,Kazi Nazrul Islam,https://www.amarbooks.org/thumbs/1489637476.jpg,http://www.amarbooks.com/FreeDownload.php?w=&f=Nazrul%20Rochonaboli%20-10.pdf,12.79 MB
Bhangar Gaan,Kazi Nazrul Islam,https://www.amarbooks.org/thumbs/1489712685.jpg,http://www.amarbooks.com/FreeDownload.php?w=&f=Bhangar%20Gaan.pdf,0.29 MB
Hena,Kazi Nazrul Islam,https://www.amarbooks.org/thumbs/1489721642.jpg,http://www.amarbooks.com/FreeDownload.php?w=&f=Hena.pdf,4.91 MB
Sur O Shruti,Kazi Nazrul Islam,https://www.amarbooks.org/thumbs/1489974003.jpg,http://www.amarbooks.com/FreeDownload.php?w=&f=Sur%20O%20Shruti.pdf,1.6 MB
Sindhu Hindol,Kazi Nazrul Islam,https://www.amarbooks.org/thumbs/1489727884.jpg,http://www.amarbooks.com/FreeDownload.php?w=&f=Sindhu%20Hindol.pdf,0.58 MB
Nazrul Rochonaboli -04,Kazi Nazrul Islam,https://www.amarbooks.org/thumbs/1489637602.jpg,http://www.amarbooks.com/FreeDownload.php?w=&f=Nazrul%20Rochonaboli%20-04.pdf,10.27 MB
Hena,Kazi Nazrul Islam,https://www.amarbooks.org/thumbs/1489721642.jpg,http://www.amarbooks.com/FreeDownload.php?w=&f=Hena.pdf,4.91 MB
Biye Bari,Kazi Nazrul Islam,https://www.amarbooks.org/thumbs/1489808293.jpg,http://www.amarbooks.com/FreeDownload.php?w=&f=Biye%20Bari.pdf,0.3 MB
Chandrabindu,Kazi Nazrul Islam,https://www.amarbooks.org/thumbs/1489733772.jpg,http://www.amarbooks.com/FreeDownload.php?w=&f=Chandrabindu.pdf,0.63 MB
Shesh Saogat,Kazi Nazrul Islam,https://www.amarbooks.org/thumbs/1489974187.jpg,http://www.amarbooks.com/FreeDownload.php?w=&f=Shesh%20Saogat.pdf,1.55 MB
Rudra Mangal,Kazi Nazrul Islam,https://www.amarbooks.org/thumbs/1489722344.jpg,http://www.amarbooks.com/FreeDownload.php?w=&f=Rudra%20Mangal.pdf,0.57 MB
Bisher Banshi,Kazi Nazrul Islam,https://www.amarbooks.org/thumbs/1489711971.jpg,http://www.amarbooks.com/FreeDownload.php?w=&f=Bisher%20Banshi.pdf,2.97 MB
Badhon Hara,Kazi Nazrul Islam,https://www.amarbooks.org/thumbs/1489713161.jpg,http://www.amarbooks.com/FreeDownload.php?w=&f=Badhon%20Hara.pdf,3.73 MB
Mrityukshuda,Kazi Nazrul Islam,https://www.amarbooks.org/thumbs/1489721586.jpg,http://www.amarbooks.com/FreeDownload.php?w=&f=Mrityukshuda.pdf,2.63 MB
Vidyapati,Kazi Nazrul Islam,https://www.amarbooks.org/thumbs/1489972993.jpg,http://www.amarbooks.com/FreeDownload.php?w=&f=Vidyapati.pdf,0.91 MB
Chhayanat,Kazi Nazrul Islam,https://www.amarbooks.org/thumbs/1489715511.jpg,http://www.amarbooks.com/FreeDownload.php?w=&f=Chhayanat.pdf,1.42 MB
Bibidh,Kazi Nazrul Islam,https://www.amarbooks.org/thumbs/1489972873.jpg,http://www.amarbooks.com/FreeDownload.php?w=&f=Bibidh.pdf,1.34 MB
Nazrul Rochonaboli -04,Kazi Nazrul Islam,https://www.amarbooks.org/thumbs/1489637602.jpg,http://www.amarbooks.com/FreeDownload.php?w=&f=Nazrul%20Rochonaboli%20-04.pdf,10.27 MB
Sindhu Hindol,Kazi Nazrul Islam,https://www.amarbooks.org/thumbs/1489727884.jpg,http://www.amarbooks.com/FreeDownload.php?w=&f=Sindhu%20Hindol.pdf,0.58 MB
Probondho,Kazi Nazrul Islam,https://www.amarbooks.org/thumbs/1489974054.jpg,http://www.amarbooks.com/FreeDownload.php?w=&f=Probondho.pdf,2.4 MB
Foni Monsha,Kazi Nazrul Islam,https://www.amarbooks.org/thumbs/1489723479.jpg,http://www.amarbooks.com/FreeDownload.php?w=&f=Foni%20Monsha.pdf,0.58 MB
Jugbani,Kazi Nazrul Islam,https://www.amarbooks.org/thumbs/1489714847.jpg,http://www.amarbooks.com/FreeDownload.php?w=&f=Jugbani.pdf,1.93 MB
Nazrul Rochonaboli -10,Kazi Nazrul Islam,https://www.amarbooks.org/thumbs/1489637476.jpg,http://www.amarbooks.com/FreeDownload.php?w=&f=Nazrul%20Rochonaboli%20-10.pdf,12.79 MB
Kobita-Songroho,Kazi Nazrul Islam,https://www.amarbooks.org/thumbs/1466491209.jpg,http://www.amarbooks.com/FreeDownload.php?w=&f=Kobita-Songroho.pdf,0.61 MB
Maktab Sahitya,Kazi Nazrul Islam,https://www.amarbooks.org/thumbs/1489977738.jpg,http://www.amarbooks.com/FreeDownload.php?w=&f=Maktab%20Sahitya.pdf,0.31 MB
Mrityukshuda,Kazi Nazrul Islam,https://www.amarbooks.org/thumbs/1489721586.jpg,http://www.amarbooks.com/FreeDownload.php?w=&f=Mrityukshuda.pdf,2.63 MB
Nazrul Rochonaboli -12,Kazi Nazrul Islam,https://www.amarbooks.org/thumbs/1489637394.jpg,http://www.amarbooks.com/FreeDownload.php?w=&f=Nazrul%20Rochonaboli%20-12.pdf,90.42 MB
Nazrul Rochonaboli -11,Kazi Nazrul Islam,https://www.amarbooks.org/thumbs/1489637436.jpg,http://www.amarbooks.com/FreeDownload.php?w=&f=Nazrul%20Rochonaboli%20-11.pdf,9.61 MB
Nazrul Rochonaboli -05,Kazi Nazrul Islam,https://www.amarbooks.org/thumbs/1489637574.jpg,http://www.amarbooks.com/FreeDownload.php?w=&f=Nazrul%20Rochonaboli%20-05.pdf,10.57 MB
Mrityukshuda,Kazi Nazrul Islam,https://www.amarbooks.org/thumbs/1489721586.jpg,http://www.amarbooks.com/FreeDownload.php?w=&f=Mrityukshuda.pdf,2.63 MB
Bibidh,Kazi Nazrul Islam,https://www.amarbooks.org/thumbs/1489972873.jpg,http://www.amarbooks.com/FreeDownload.php?w=&f=Bibidh.pdf,1.34 MB
Badhon Hara,Kazi Nazrul Islam,https://www.amarbooks.org/thumbs/1489713161.jpg,http://www.amarbooks.com/FreeDownload.php?w=&f=Badhon%20Hara.pdf,3.73 MB
